state,city,Toposheet_1,Toposheet_2,Toposheet_3,Toposheet_4,SO2_MIN,SO2_MAX,SO2_AVG,NO2_MIN,NO2_MAX,NO2_AVG,PM10_MIN,PM10_MAX,PM10_AVG,PM2.5_MIN,PM2.5_MAX,PM2.5_AVG
AndhraPradesh,Anantapur,D43L10,,,,4,11.5,5.25,9.75,22.5,15,24.5,120.25,66.75,13.25,51.25,29.75
AndhraPradesh,Chittoor,D44N04,,,,3.6,9.4,5,10.2,38.2,19.2,23.6,89.8,54.2,9.667,52,26.333
AndhraPradesh,Eluru,E44V02,,,,4,6,5,16.25,28.75,19,48,88.5,63.25,13.5,31.5,19
AndhraPradesh,Guntur,E44U07,,,,4,5.5,5,16.75,24.75,19,35.25,153.25,52.75,15.75,37.5,22.75
AndhraPradesh,Kadapa,D44G15,,,,4,15.4,5.2,9.8,22.8,14.8,19.8,109.2,53.4,9.333,53,25.667
AndhraPradesh,Kakinada,E44W01,E44W05,,,4,12.75,8.25,10,26.75,18.75,16.5,197.25,61,6,62.25,19.75
AndhraPradesh,Kurnool,D44A01,,,,4,12.5,5.25,10,25.25,15,21,112.25,61,12.25,52.5,29.5
AndhraPradesh,Nellore,D44H15,,,,4,5.75,5,15.5,25.5,19,41,78,65.75,26.5,37.5,32.5
AndhraPradesh,Ongole,D44C03,D44C02,,,4,5.75,5,15.75,26,19,33.75,72.5,59.25,10.333,36.333,24.667
AndhraPradesh,Rajahmundry,E44V13,E44P16,,,4.5,14.25,8.25,10.5,27.5,18.25,16.75,189.75,61.75,8,118,34
AndhraPradesh,Srikakulam,E44L15,,,,5.2,12.2,8,12.25,28,18.5,25.5,154.75,66.75,10,95,36
AndhraPradesh,Tirupati,D44N06,,,,4,7,5,10.5,23.75,15.25,17.75,82,53.25,15.333,38.333,31
AndhraPradesh,Vijaywada,E44U10,E44U11,,,4.111,6.889,5,14.667,29.556,19,41.667,95.556,72.667,17.667,42,26.667
AndhraPradesh,Vishakhapatnam,E44R05,E44R06,,,5.222,12.667,8.222,11.667,29.889,19.333,29.333,172.333,75.667,8.222,83.111,32.667
AndhraPradesh,Vizianagaram,E44L08,,,,5.25,12.75,8,11.75,28.5,19.25,38.5,102.5,67,8,58,35
ArunachalPradesh,Itanagar,G46D12,,,,2,10,3,5,17,7,10,228,97,,,
Assam,Bongaigaon,G46G11,,,,3,11.5,4,10,19,12,26,96,44,,,
Assam,Daranga,G46H09,,,,4,11,7,10,21,14,17,134,53,,,
Assam,Dibrugarh,G46E15,,,,4,9,5,9,18,11,15,125,36,,,
Assam,Golaghat,G46J14,,,,4,8,6,9,16,12,17,85,45,,,
Assam,Guwahati,G46H12,,,,5.333,14.167,7.833,10.5,28.333,15.5,21.833,229.667,96.667,13,48.333,26.667
Assam,Margherita,G46F11,,,,4,9,6,9,18,12,16,93,48,,,
Assam,Nagaon,G46I11,,,,5,10,7,11,20,15,35,269,105,,,
Assam,Nalbari,G46H07,,,,4,10,7,11,18,14,37,184,87,,,
Assam,NorthLakhimpur,G46E04,,,,5,10,7,11,17,14,18,131,56,,,
Assam,Silchar,G46U13,,,,5,8.5,6.5,9,13.5,10.5,35.5,57.5,46.5,,,
Assam,Sivasagar,G46K09,,,,4.5,8.5,6.5,9.5,17.5,13,18,115.5,55.5,,,
Assam,Tezpur,G46I14,,,,6,10,7,11,20,15,24,189,98,,,
Assam,Tinsukia,G46F06,,,,4,8.333,6,8,17,12.333,15.667,89,44.667,,,
Bihar,Begusarai,G45O03,,,,9,19,12,16,39,22,37,164,117,19,114,55
Bihar,Darbhanga,G45H16,,,,12,22,15,18,32,24,35,267,123,,,
Bihar,Gaya,G45S13,G45T01,,,6,15,11,15,34,21,13,145,71,,,
Bihar,Muzaffarpur,G45H08,,,,10,22,14,19,49,31,40,414,152,19,304,101
Bihar,Patna,G45N02,,,,2,10.5,3,21,91,51,38.5,638.5,237.5,,,
Bihar,Rajgir,G45N08,,,,5,15,10,16,30,21,12,136,69,,,
Bihar,Sasaram,G44X13,G45S01,,,6,13,10,16,27,20,12,116,61,,,
Chandigarh,Chandigarh,H43K10,H43K14,,,2,2,2,7.4,52.4,18.6,19.8,294.8,96.6,11.6,203.2,63.2
Chattisgarh,Bilaspur,F44K04,,,,4,7,6,10,14,12,28,64,47,13,38,27
Chattisgarh,Durg-Bhillainagar,F44P08,,,,5.5,9.25,7,13.25,21,17,65.25,87.25,78.75,29.5,53,42
Chattisgarh,Korba,F44K11,,,,5.667,11.333,8,16,25,18.667,35,84.333,58.333,13.333,47,29.667
Chattisgarh,Raipur,F44P12,F44P11,,,12,22,16,19.5,38,29.5,43,93.5,68.5,,,
Dadra&NagarHaveliandDaman&Diu,Daman,F43S15,,,,8.5,38,22,8.5,38,24.5,25,140.5,95.5,11.5,58,36
Dadra&NagarHaveliandDaman&Diu,Silvassa,F43T03,,,,10.5,41,25.5,10.5,42.5,27,53.5,158.5,105,18.5,59.5,39.5
Delhi,Delhi,H43X02,H43X06,,,3.333,16.444,4.667,24,152.111,70.556,37.111,577.333,198.778,13,480.667,105
Goa,Amona,D43B14,,,,9,12,11,13,16,14,32,166,72,16,120,38
Goa,Assonora,D43B14,,,,9,12,11,13,16,14,22,129,57,13,61,30
Goa,Bicholim,D43B14,,,,9,12,11,13,17,14,32,169,63,12,63,31
Goa,Codli,D43C03,,,,9,12,10,11,17,14,30,160,60,14,81,32
Goa,Cuncolim,D43B16,,,,9,13,11,13,17,14,32,182,80,15,77,38
Goa,Honda,D43C02,,,,9,12,11,13,16,14,30,112,63,15,69,32
Goa,Mapusa,D43B14,,,,2,7,3,5,31,10,14,268,72,,,
Goa,Margao,D43B15,D43C03,,,9,13,11,13,16,14,31,198,59,15,78,30
Goa,Panaji,D43B15,,,,2,17,3,5,31,13,14,518,87,4,166,50
Goa,Ponda,D43C03,,,,9,12,11,13,16,14,31,203,66,16,85,33
Goa,Sanguem,D43C04,,,,9,12,11,13,17,14,32,145,57,15,68,29
Goa,Tilamol,D43C04,,,,10,13,11,13,16,14,29,139,67,15,90,35
Goa,Usgao,D43C03,,,,9,12,11,13,17,14,32,152,64,17,99,33
Goa,Vasco,D43B15,,,,2,11,3,5,29,13,16,377,81,5,114,41
Gujarat,Ahmedabad,F43G09,F43A12,,,12.556,35.444,20.222,16.8,51.3,25.4,73.1,362.6,137.6,17,109.889,37.111
Gujarat,Ankleshwar,F43N02,,,,12.5,35.5,19.5,16.5,45.5,25.5,57,226,114.5,21,68.5,36
Gujarat,Jamnagar,F42K03,,,,11,39,19,14,43,25,57,267,123,14,85,34
Gujarat,Rajkot,F42K15,,,,12.5,38,20,17,48.5,25.5,62,294,126.5,15,90.5,35
Gujarat,Surat,F43M16,,,,11,44,23.667,14.333,50.667,27,64,288,127.667,15.667,90,40
Gujarat,Vadodara,F43H03,,,,11.6,42.4,20.4,14.8,51.2,25.6,62.6,329.6,130.8,17.2,97.8,37
Gujarat,Vapi,F43S15,,,,9,36.5,19.5,10,51.5,24.5,44.5,300,119.5,14.5,93.5,40
HimachalPradesh,Baddi,H43K13,,,,2,2,2,20.667,43.667,31,60,271.333,148.333,,,
HimachalPradesh,Damtal,I43V12,,,,2,2,2,5,12,9,18,90,48.5,6.5,47.5,20.5
HimachalPradesh,Dharamshala,I43W08,,,,2,2,2,5,12,6,16,89.5,36.5,7.5,53.5,15.5
HimachalPradesh,Manali,I43X04,,,,2,3,2,6,11.5,8,22.5,165,64,4,53.5,22
HimachalPradesh,Nalagarh,H43E12,,,,2,2,2,18,56,25,68,251,125,,,
HimachalPradesh,PaontaSahib,H43L11,,,,2,6.5,3,10,20,14,21.5,188,83.5,8,63,39
HimachalPradesh,Parwanoo,H43K13,,,,2,4,2,5,32,6,30.5,191.5,64,6,56,18.5
HimachalPradesh,Shimla,H43F04,,,,2,7,2,11,34,26,19,137,59,5,56,26
HimachalPradesh,SunderNagar,H43E14,,,,2,2,2,5,25,8.5,13.5,181.5,72.5,12,80.5,38
HimachalPradesh,Vashisht,I43X03,,,,2,4,2,5,11,5,26,96,48,,,
Jammu&Kashmir,Jammu,I43U14,,,,2,4.667,3,8.333,25,17,84.333,179.667,138.333,13.333,56,40
Jharkhand,Barajamda,F45H08,,,,13,35,17,18,28,23,50,98,76,,,
Jharkhand,Dhanbad,F45C06,F45C05,,,10.667,17,13.333,28.667,43.333,34.667,107,373.333,236.667,,,
Jharkhand,Jamshedpur,F45I01,,,,30.5,43,38.5,37,53,47.5,71,184,138.5,,,
Jharkhand,Jharia,F45C06,,,,12,17,14,29,41,35,109,427,302,,,
Jharkhand,Ranchi,F45B07,,,,11,27,18,35,121,37,73,168,109,,,
Jharkhand,Saraikela,F45H14,,,,30,43,37,39,53,46,66,236,135,,,
Karnataka,Bagalkote,E43V12,,,,2,2,2,8,32,17,16,117,45,10,68,29
Karnataka,Bangalore,D43X09,D43R12,,,2.889,3.778,3.111,14.556,36.111,24.778,39.667,140.556,74.667,13.5,62.875,32.375
Karnataka,Belgaum,D43C05,D43C09,,,2,9,2,9,27,16,18,169,87,7,90,38
Karnataka,Bidar,E43R05,E43R09,,,2,4,2,5,16,9,14,155,71,5,89,39
Karnataka,Bijapur,E43V09,,,,2,2,2,9,33,17,32,208,93,15,76,39
Karnataka,Chitradurga,D43K08,,,,2,20,6,5,11,6,18,98,52,,,
Karnataka,Devangere,D43J15,,,,3,21,10.333,6.333,22,11.333,24.667,131,69.667,3,35,16
Karnataka,Gulbarga,E43Q15,,,,2,4,3,8,28,13,32,240,87,23,102,46
Karnataka,Hassan,D43W01,D43Q04,,,2,5,3,14,27,20,27,49,37,18,36,25
Karnataka,Dharwad,D43D03,,,,4,6,4.5,13.5,24.5,19,52.5,86,69,13.5,35.5,22
Karnataka,Kolar,D44M04,,,,2,2,2,17,40,27,60,152,109,12,53,28
Karnataka,Mandya,D43W14,,,,2,9,2,11,27,14,34,81,43,,,
Karnataka,Mangalore,D43U13,,,,5,9,7,9,11,10,23,80,47,15,59,28
Karnataka,Mysore,D43W11,,,,6,11,2,11.5,22.5,15,30,70,52,18,41,26
Karnataka,Raichur,E43X08,,,,2,7,2,5,27,11,17,186,74,1,34,14
Karnataka,Shimoga,D43P09,,,,3,50,24,5,14,6,11,79,33,3,24,12
Karnataka,Tumkur,D43R03,,,,2,2,2,17,42,27,41,145,75,,,
Kerala,Alappuzha,C43Q07,C43Q06,,,2,3,2,5,6.667,5,33.333,83.667,56,,,
Kerala,Kochi,C43Q05,C43K08,,,2,4.25,2.625,6,32,14.125,19,116.875,45.75,4,61,32
Kerala,Kollam,C43W09,,,,2,4,2.5,5,8.5,6,36,52.5,45.5,,,
Kerala,Kottayam,C43Q10,,,,2,3.5,2.5,12,13.5,12.5,24,45,35.5,,,
Kerala,Kozhikode,C43D16,,,,2,2,2,5,12,5,13,114.5,44,1.5,47,13.5
Kerala,Malapuram,C43D15,,,,2,2,2,9,21,15,21,70,35,,,
Kerala,Palakkad,C43K09,,,,2,10,2,5,28,7,11,144,51,,,
Kerala,Pathanamthitta,C43Q15,,,,2,2,2,14,19,17,31,37,34,,,
Kerala,Thiruvananthapuram,C43W15,C43W14,,,4.25,22,9,8.25,33.75,16.25,25,70.75,42.5,,,
Kerala,Thrissur,C43K03,C43K02,,,2,11,3,5,16,5.5,24.5,62.5,38.5,,,
Kerala,Wayanad,C43E02,,,,2,2,2,5,5,5,14.5,39,27,,,
MadhyaPradesh,Amlai,F44D12,,,,9.5,17.5,13,14.5,24,19.5,59.5,109.5,85,,,
MadhyaPradesh,Bhopal,F43F08,F43F07,,,2.75,16.125,8,5.875,35.75,16.75,83.5,270.875,160.75,28.833,98,19.667
MadhyaPradesh,Chhindwara,F44G16,,,,2,5,3,7.667,20.333,14,32.5,129.5,78,12,60,35.5
MadhyaPradesh,Dewas,F43K01,,,,10,32.667,19.333,15,35,26,51,97,79,26.667,67.667,46
MadhyaPradesh,Gwalior,G44G04,G44G03,,,3.5,29,12.5,9,45,23.5,43.5,298.5,139,16,133,57.5
MadhyaPradesh,Indore,F43J14,F43J13,,,4,15,9,8.667,43.333,17.667,25,127.333,77,12,65,37.333
MadhyaPradesh,Jabalpur,F44B16,,,,6.5,9,7.5,13,20.5,16.5,67,114.5,84,,,
MadhyaPradesh,Katni,F44C05,,,,7.5,15,10.5,19,36,28,81.5,143.5,98,23,31.5,36
MadhyaPradesh,Nagda,F43D07,,,,5.333,18.667,10.333,8,22,13.333,35.667,71,52.667,27.5,43,35.5
MadhyaPradesh,Pithampur,F43J10,,,,6,14,10,11,23,18,49.5,111.5,85.5,17,55,32.5
MadhyaPradesh,Sagar,F44A09,F44A13,,,2,5.5,3.5,5,26.5,13.5,19.5,121.5,72,8,38,19
MadhyaPradesh,Satna,G44U14,,,,2,6,3.5,6,27,10.5,40.5,159,123.5,,,
MadhyaPradesh,Singrauli,G44W12,,,,16,62.667,30.667,19.333,104.333,48.333,33,445.667,191.667,11,176.667,66.667
MadhyaPradesh,Ujjain,F43D16,,,,7.75,14.5,10.75,9,17,12,47.75,109.5,78.25,19,58,63
Maharashtra,Akola,F43W14,F43X02,,,11,16.667,13.667,12,17.667,14.333,60,78.667,68.667,,,
Maharashtra,Ambernath,E43B04,,,,12,47,27,21,129,66,26,330,118,,,
Maharashtra,Amravati,F43X09,F43X13,,,8,21.333,13.667,9,22.667,14.667,55.333,124,89.667,,,
Maharashtra,Aurangabad,E43D05,,,,6.333,23.667,13.333,17,66,35.667,45,99,73.667,,,
Maharashtra,Badlapur,E43B04,E43B08,,,11,58,27,19,120,60,17,319,108,,,
Maharashtra,Bhiwandi,E43B03,,,,22,44,31.667,31,69,43.667,49,84,68.667,,,
Maharashtra,Chandrapur,E44B05,,,,3.833,5.5,4,15.167,52.5,29,57.167,233.5,132.833,,,
Maharashtra,Dombivli,E43B04,,,,11,54,27,20,120,60,17,295,106,,,
Maharashtra,Jalgaon,F43V09,F43P12,,,9,15.333,12,27.333,37.333,32.333,47.333,90.667,60,,,
Maharashtra,Jalna,E43D13,,,,8,12,10,33,51.5,39.5,79,120,97,,,
Maharashtra,Kolhapur,E43U02,E43U06,,,7,33.667,19,10,65.667,31.667,39.333,132.667,85.333,,,
Maharashtra,Latur,E43K11,,,,4,7,5,18,27,20.667,55.333,149,85.667,,,
Maharashtra,Mumbai,E43G13,E43A16,,,2,4.333,2,6,72.333,27.667,32.333,431.333,125.333,4,174,40
Maharashtra,Nagpur,F44N04,,,,5.429,21,9.857,17.429,59.429,31.571,32.571,376,100.714,5,84,39
Maharashtra,Nashik,E43B09,E43B13,F43T12,F43T16,2,21,9.5,7.5,49.5,21.75,23.25,201.25,63.25,,,
Maharashtra,NaviMumbai,E43A16,E43B04,,,12.5,24.333,17.167,28.667,72.167,47.167,31.5,75.5,53.833,,,
Maharashtra,Pune,E43H15,E43H14,,,11.667,90,37,31.333,203.333,86.667,36.667,331,143,,,
Maharashtra,Sangli,E43U09,,,,6,16.333,9.333,10,97,38.333,14,176.667,66.667,,,
Maharashtra,Solapur,E43P14,,,,11,21,16.5,31,39,35,54,88.5,74,,,
Maharashtra,Thane,E43A16,,,,14.333,29.333,20,32.667,43.333,36.667,55.667,232,128.667,,,
Maharashtra,Ulhasnagar,E43B04,,,,11.5,42.5,24,21,96.5,55.5,25.5,253,94.5,,,
Manipur,Imphal,G46V13,,,,3,18,9,5,52,21,38,180,109,37,71,39
Meghalaya,Shillong,G46N14,,,,2,6,3.25,5,17.75,11.75,15.5,53,36.25,3,11.75,7.5
Mizoram,Aizwal,F46C10,,,,2,2,2,5,12.6,8.2,16,105,48,,,
Nagaland,Kohima,G46Q02,,,,2,2,2,5,11,5,23,231,94.5,,,
Odisha,Angul,F45T01,,,,7,17,10.5,20,33.5,26.5,41,206,99.5,18,75.5,47.5
Odisha,Balasore,F45O15,F45O14,,,3.333,4.333,3.667,10.333,13,11,54.667,110.333,86,31.333,69,46.333
Odisha,Berhampur,E45A15,,,,2,11,4,13,46,19,33,151,65,13,70,26
Odisha,Bhubaneshwar,F45T16,F45T15,,,2,5.667,2,11.5,31.5,16.167,46.333,210.833,98.833,12.167,81.833,29.333
Odisha,Bonaigarh,F45M13,,,,5,17,9,11,26,16,58,209,118,24,89,51
Odisha,Cuttack,F45T15,,,,2.667,17.667,5.667,13.667,34,19.667,54,273.667,105.667,22.333,105.333,46.667
Odisha,Jharsuguda,F44R13,F45M01,,,5.5,26,7.5,11,35,15.5,85.5,277,106,32,82,45
Odisha,Konark,E45C01,,,,2,3,2,11,16,13,50,102,72,,,
Odisha,Paradeep,F45U11,,,,11,27.667,18.333,6,16,10.333,72.333,333.667,144.333,23,169,55
Odisha,Puri,E45B13,,,,2,4,2,13,20,15,87,152,112,12,91,55
Odisha,Rajgangpur,F45G12,,,,6,23,12,11,37,19,73,272,150,31,93,58
Odisha,Rayagada,E44F08,,,,2,10.5,4,11.5,21.5,17,16,115,64.5,9.5,78.5,33.5
Odisha,Rourkela,F45G16,F45G15,,,5,14,8.5,9.25,21.5,13.5,64.25,198.25,123.25,24.75,88.25,47
Odisha,Sambalpur,F44R15,,,,4,36,6,19,46,24,29,266,92,19,164,48
Odisha,Talcher,F45T01,,,,7,14,10.5,23.5,34,28.5,44.5,208,106,15.5,109,46.5
Pondicherry,Pondicherry,C44B13,,,,3,6,4.667,8.333,15.667,12,19,78.667,43.667,,,
Punjab,Jagraon,H43J05,,,,4,12,6,9,37,17,22,199,73,,,
Punjab,Amritsar,H43C14,,,,11,16.5,13,25.5,42,34,61,339.5,170,,,
Punjab,Tapa,H43J07,,,,4,8,5,9,18,12,64,213,107,,,
Punjab,BaraPind,H43D16,,,,4,11,7,10,26,20,53,338,150,,,
Punjab,Bhatinda,H43I16,,,,2,8,5,5,21,13,53,194,106,,,
Punjab,Binjon,H43E03,,,,4,24,7,9,19,14,23,249,102,,,
Punjab,Bishanpura,H43K03,,,,4,20,10,9,39,21,19,374,137,,,
Punjab,Changal,H43J15,,,,4,7,5,6,26,13,53,240,105,,,
Punjab,Chaukiman,H43J09,,,,4,12,7,,,,20,170,68,,,
Punjab,DeraBabaNanak,I43V04,,,,3,9,7,11,17,13,25,199,70,,,
Punjab,DeraBassi,H43K14,,,,4,7.5,5.5,9,22,12.5,46,162,97.5,,,
Punjab,Samana,H43K04,,,,4,7,5,10,13,11,79,107,95,,,
Punjab,Gobindgarh,H43K03,,,,5.333,9,7,13.667,60.667,35.667,87,228.667,141.667,,,
Punjab,GuruKiDhab,H43I14,,,,2,8,5,7,26,13,74,212,124,,,
Punjab,Batala,H43D01,,,,4,7,6,11,18,14,21,109,60,,,
Punjab,Jalandhar,H43D11,,,,7.5,20.5,11.25,17,42.5,24,54,299.75,136.5,,,
Punjab,Khanna,H43K02,,,,5,44.5,11.5,9,59,26.5,61.5,328.5,164.5,,,
Punjab,Sirhind,H43K06,,,,4,8,6,10,29,13,68,190,100,,,
Punjab,Ajnala,H43C13,,,,5,8,7,11,18,13,49,395,128,,,
Punjab,Ferozpur,H43I09,,,,3,6,7,5,12,13,73,169,128,,,
Punjab,Ludhiana,H43J13,,,,5.75,43.25,12,12.25,54.75,26,50.25,401,153,,,
Punjab,Muktsar,H43I11,,,,4,9,5,10,26,14,55,228,111,,,
Punjab,Nawanshahr,H43D16,,,,5,12,8,13,26,17,58,247,134,,,
Punjab,Naudhrani(Malerkotla),H43J15,,,,4,8,5,9,25,13,55,198,108,,,
Punjab,NayaNangal,H43E07,,,,4.5,7.5,5.5,9,22.5,12,39.5,156.5,90.5,,,
Punjab,Patiala,H43K07,,,,4,7.5,5,9.5,26.5,12,76,193.5,101.5,,,
Rajasthan,Alwar,G43E10,,,,7.333,16,11.333,25.667,43.333,33.667,75.333,289,171.667,,,
Rajasthan,Bharatpur,G43F08,G43F12,,,6.667,10,7.333,16,34,25.333,71,453,199.333,,,
Rajasthan,Bhiwadi,H43W16,,,,7,45.333,25.667,19.333,78.667,46.333,117.667,433,255.333,,,
Rajasthan,Chittorgarh,G43U09,,,,4.667,16.667,7,15.667,79.333,26.333,36.667,269,142.333,,,
Rajasthan,Jaipur,G43J09,G43J13,,,4.889,17.556,6.889,14.778,47.556,27.222,52.667,315.778,140.889,,,
Rajasthan,Jodhpur,G43G16,G43G15,G43H04,G43H03,3.889,11.889,6.667,12.556,51.778,25.667,75.889,561.778,239.778,,,
Rajasthan,Kota,G43P16,,,,5,11.167,6.833,19,34.833,24.333,22.333,321.5,129,,,
Rajasthan,Udaipur,G43T10,,,,4,20.667,11,13,49.667,30.667,69.333,255.333,156.333,,,
Sikkim,Gangtok,G45E11,,,,4,10,6,5,25,10,21,83,49,,,
Tamilnadu,Chennai,D44U01,D44U05,D44O04,D44O08,7,18.091,9.364,11.545,32.909,18.545,35.636,142.727,73.091,19.714,55.571,36
Tamilnadu,Coimbatore,C43K13,C43E16,C43L01,C43F04,4.333,30,6.333,14.667,22,17.667,19,146.667,56.667,10.333,83.667,37.333
Tamilnadu,Cuddalore,C44B10,C44B09,C44B14,C44B13,10.667,15.333,13,16.667,20.667,18.667,45.667,135,55.333,27.667,35.333,32
Tamilnadu,Madurai,C44M01,,,,9.667,15.333,12.667,13.667,22,18.333,36.333,126,78.667,15,49,35
Tamilnadu,Mettur,C43F13,,,,5,9.5,6,17.5,34.5,21.5,17.5,159,54.5,18,59.5,35
Tamilnadu,Salem,C44A02,,,,4,26,7,8,42,21,21,183,50,13,80,35
Tamilnadu,Trichy,C44G09,,,,9,16.6,13.2,13.2,22.2,18,23.6,129.8,72.6,27.8,60.4,45.6
Tamilnadu,Tuticorin,C44S02,C44S01,,,7.333,15.667,10.667,8,20.667,11.333,46.667,121.667,85.667,13.333,41,23
Telangana,Adilabad,E44A10,,,,4,7,5,23,27,25,50,85,74,40,50,45
Telangana,Hyderabad,E44M07,E44M11,,,3,10.2,5.3,14.9,78.9,36.7,28.1,261.5,98.8,10.5,87,40.125
Telangana,Karimnagar,E44H03,,,,6,14,9,45,68,55,87,140,106,,,
Telangana,Khammam,E44O04,E44O03,,,6.5,12.5,9,36,70,52.5,72,113.5,90.5,34,56,45
Telangana,Kothur,E44M08,,,,7,13,9,47,67,59,92,141,111,,,
Telangana,Nalgonda,E44N08,,,,3.5,7,5.5,23.5,28.5,25.5,50.5,75,59,28,47,45
Telangana,Nizamabad,E44G02,,,,4,6,5,23,27,25,53,72,63,33,46,41
Telangana,Patancheru,E44M06,,,,4,7,5,22,28,25,45,106,83,21,56,41
Telangana,Ramagundam,E44H06,E44H05,,,7,13,9,45,65,55,61,144,107,,,
Telangana,Sangareddy,E44M02,,,,3.333,21.667,6.333,18,55,29.667,34.667,199.667,87.333,18.333,80.667,43.667
Telangana,Warangal,E44N09,E44H12,,,6,11,9,36.5,63,51.5,60,109,87.5,32,36,46
Tripura,Agartala,F46B05,,,,2,6,4,8.5,15.5,10.5,55.5,95,76.5,29,49,42.5
UttarPradesh,Agra,G44A04,G43F16,,,2.333,21.333,4.167,6.833,57.167,24.5,29.333,497,185.833,17.833,331,109.667
UttarPradesh,Allahabad,G44P15,,,,2,9.6,5,19.6,67.4,42,106.6,375.2,221.8,,,
UttarPradesh,Anpara,G44W12,G44W16,,,10.5,21.5,17,20,32,28.5,41.5,275.5,171,,,
UttarPradesh,Baghpat,H43X01,,,,6.5,37,11,10,55.5,21,83,477.5,171.5,42,263,92
UttarPradesh,Bareilly,H44T07,,,,11.5,53.5,26.5,21.5,51.5,31.5,91,613,200,24,32,93
UttarPradesh,Firozabad,G44A08,,,,6,12,8,19.667,41.333,31,58,463.667,213.667,,,
UttarPradesh,Gajraula,H44S01,H44S05,,,9,46.5,25,15,61,37.5,111,401.5,228.5,,,
UttarPradesh,Ghaziabad,H43X06,,,,6,30.25,13,16,73.25,35.5,64.75,582.25,207.75,30.25,365.5,99.25
UttarPradesh,Gorakhpur,G44L06,G44L05,,,9.667,47.667,22.333,19.333,65.667,34.667,134.333,402.667,294.667,,,
UttarPradesh,GreaterNoida,H43X07,H43X06,H43X11,H43X10,6,48,12,9.5,86.5,26,92,495,189.5,48.5,287,94.5
UttarPradesh,Hapur,H43X14,,,,5,28,14.5,13,41.5,25,57.5,548.5,228,16.5,393,111
UttarPradesh,Jhansi,G44M11,,,,3.5,19,6.5,10,31.5,18,27.5,222,95.5,,,
UttarPradesh,Kanpur,G44I07,,,,4.6,9.7,6,25.778,60,40.222,71.556,393.222,197.889,3,259,66
UttarPradesh,Khurja,H43X16,H43X15,,,19,24.5,21,18,22.5,19.5,20,392.5,195,,,
UttarPradesh,Lucknow,G44I13,G44J01,,,3.75,16.875,7.25,19.875,46.375,31.25,36,417.625,207.625,,,
UttarPradesh,Mathura,G43F11,G43F10,,,9,16,12,18,36,27.5,124,189.5,161.5,,,
UttarPradesh,Meerut,H43X09,H43R12,,,8,10,8.5,55,70.5,63,202.5,225,212.5,,,
UttarPradesh,Moradabad,H44S09,H44S13,,,6.5,49.5,26,12,71,41.5,85.5,431.5,239.5,,,
UttarPradesh,Muzaffarnagar,H43R11,,,,6.5,14,8.5,17.5,48.5,34,53.5,388.5,190.5,22,170,86.5
UttarPradesh,Raebareli,G44J04,G44J08,,,8.667,12.333,11,14.667,18.333,17,90,370.333,163.333,,,
UttarPradesh,Saharanpur,H43R09,,,,9.5,24,16,18.5,26.5,23.5,51,339,166,,,
UttarPradesh,Unnao,G44I06,G44I10,,,7.5,11,9,25,29.5,26.5,110.5,179.5,135.5,,,
UttarPradesh,Varanasi,G44Q15,G44R03,,,5.6,14.2,9.6,15.4,64,34.4,63.2,334.6,183.6,,,
Uttarakhand,Dehradun,H43L15,H44G03,,,22.333,27,24.667,26.667,31,28.667,122,209.333,167.667,,,
Uttarakhand,Haldwani,H44N12,,,,5,32,8,21,46,28,92,218,111,,,
Uttarakhand,Haridwar,H44M01,,,,16,23,20,20,27,24,104,161,131,,,
Uttarakhand,Kashipur,H44M16,,,,13,24,14,22,31,23,109,236,132,,,
Uttarakhand,Rishikesh,H44G04,H44G08,,,19,25,22,25,29,27,99,215,137,,,
Uttarakhand,Rudrapur,H44T05,H44N08,,,12,23,14,21,30,23,110,277,132,,,
WestBengal,Alipurduar,G45L11,,,,2,12,7,13.667,48.667,33,44.667,174.333,80,,,
WestBengal,Asansol,F45C14,,,,8.667,18.333,15,25.333,53.667,43.667,92,260.333,184.333,46,141,81
WestBengal,Baharampur,G45W04,G45W08,,,2,22,7,16,49,25,67,455,107,,,
WestBengal,Balurghat,G45Q16,,,,2,12,6,13,50,33,47,217,89,,,
WestBengal,Bankura,F45D04,,,,2,14,2,14,32,20,61,141,99,,,
WestBengal,Barasat,F45K06,,,,2,20,8,11,50,27,57,567,118,,,
WestBengal,Bardhaman,F45D16,,,,2,14,2,15,33,20,63,136,103,,,
WestBengal,Barrackpore,F45K05,,,,3,18.667,8,16,49.333,27.667,74,352.333,115,47,114,66
WestBengal,Baruipur,F45K07,,,,2,16,7,28,58,40,28,270,87,,,
WestBengal,Bolpur,F45D10,,,,2,15,2,15,33,20,62,140,98,,,
WestBengal,Chinsura,F45K05,,,,2,18,7,15,47,26,53,324,112,,,
WestBengal,Coochbehar,G45L07,,,,2,12.5,6.5,13,48,32.5,44.5,176,79.5,,,
WestBengal,Dankuni,F45K06,,,,2,18,7,13,44,25,58,349,107,,,
WestBengal,Darjeeling,G45E04,G45E08,,,2,10,5,13,45,30,42,85,57,13,43,24
WestBengal,Durgapur,F45D06,,,,5,18.75,14,23,52.5,40.75,93.5,259,173.25,53,127,73
WestBengal,Ghatal,F45J10,,,,2,22,10,30,48,39,39,278,93,,,
WestBengal,Haldia,F45K04,,,,2.75,20.25,9.25,29.75,48.5,38,38,235.25,85.75,10,121,35
WestBengal,Howrah,F45K02,F45K06,,,4.5,23.25,12,31.25,51.75,40.25,57.25,400,174.5,20.5,162.5,68
WestBengal,Jalpaiguri,G45K10,,,,2,12,6,14,49,33,50,131,76,,,
WestBengal,Jhargram,F45I15,F45J03,,,3,19,9,29,48,37,36,169,79,,,
WestBengal,Kalimpong,G45E08,,,,2,10,6,13,47,31,42,95,58,,,
WestBengal,Kalyani,F45K05,,,,2,20,7,15,49,26,75,534,113,43,121,60
WestBengal,Kharagpur,F45J10,,,,5,24,13,31,52,41,46,651,194,,,
WestBengal,Kolkata,F45K06,,,,2.381,20.238,8,22.81,82.524,42.333,27.524,345.19,103.619,14.5,176.5,55.75
WestBengal,Krishnanagar,F45C16,,,,2,15,7,15,44,26,72,316,107,,,
WestBengal,Maldah,G45W01,G45Q04,,,2,13,7,14,49,34,54,218,101,,,
WestBengal,Medinipur,F45J07,,,,4,18,9,30,47,38,35,181,80,,,
WestBengal,Purulia,F45C07,,,,2,13,2,14,32,20,55,135,95,,,
WestBengal,Raiganj,G45Q02,,,,2,28,7,13,48,32,46,160,78,,,
WestBengal,Rampurhat,G45V16,,,,2,12,2,15,33,20,58,158,102,,,
WestBengal,Ranaghat,F45E12,,,,2,17,7,15,57,26,65,409,112,,,
WestBengal,Raniganj,F45D02,,,,8.333,19,15,21,53,44,84.333,259.333,186.333,,,
WestBengal,Rishra,F45K06,,,,2,21,8,11,51,27,51,574,118,,,
WestBengal,Sankrail,F45K02,,,,3.5,25.75,10.5,30,49.25,38.25,39,272.5,110.75,21,51,57
WestBengal,Siliguri,G45K06,,,,2,13,6,17,46,33,46,198,80,11,68,32
WestBengal,Suri,F45D09,,,,2,15,2,15,34,20,62,140,98,,,
WestBengal,Tamluk,F45J15,,,,3,23,10,30,59,38,43,431,108,,,
WestBengal,Tribeni,F45K05,,,,2,16,7,12,43,25,43,506,114,,,
WestBengal,Uluberia,F45K03,,,,3,23,10,30,50,39,36,255,94,,,
